Incident_Zip,average_time_per_month,Month
83,0.0,1
83,0.0,2
83,0.0,3
83,1.1994444444444443,4
83,0.2654166666666667,5
83,1.1813888888888888,6
83,0.0,7
83,0.0,8
83,0.0,9
83,0.0,10
83,0.0,11
83,0.0,12
10000,92.69796296296296,1
10000,79.40663194444446,2
10000,6.736527777777779,3
10000,0.8078073286052009,4
10000,7.105197428833793,5
10000,31.024321378340368,6
10000,48.55131313131313,7
10000,69.23837962962963,8
10000,28.875324074074072,9
10000,0.0,10
10000,0.0,11
10000,0.0,12
10001,196.2404190772883,1
10001,258.59770712909443,2
10001,141.61138362794614,3
10001,58.22143111518111,4
10001,57.69396264908977,5
10001,56.22385224447062,6
10001,50.38285819337698,7
10001,50.6846169497523,8
10001,18.69497258127693,9
10001,0.0,10
10001,0.0,11
10001,0.0,12
10002,155.19511560457516,1
10002,156.9475568792918,2
10002,148.60660340600649,3
10002,90.46776196544889,4
10002,55.92335023353,5
10002,62.03182756888254,6
10002,73.79849001779557,7
10002,54.93480575806669,8
10002,22.736451629224856,9
10002,0.0,10
10002,0.0,11
10002,0.0,12
10003,176.38697872434537,1
10003,188.3911062061132,2
10003,205.00697983184327,3
10003,82.0589699074074,4
10003,60.448189215386186,5
10003,87.45547201531139,6
10003,116.89800964378,7
10003,80.50811391784728,8
10003,30.71514574759945,9
10003,0.0,10
10003,0.0,11
10003,0.0,12
10004,60.83554882737409,1
10004,116.80856550580432,2
10004,173.81582358674464,3
10004,142.40015624999998,4
10004,63.47812757201646,5
10004,55.0547653256705,6
10004,102.5153053931124,7
10004,83.74068181818181,8
10004,37.49643298059965,9
10004,0.0,10
10004,0.0,11
10004,0.0,12
10005,63.470904605263165,1
10005,87.25359241452992,2
10005,214.37593971631205,3
10005,35.7907283197832,4
10005,131.9046918767507,5
10005,70.24739923747276,6
10005,81.72885777777778,7
10005,58.25532505910166,8
10005,20.541736736736738,9
10005,0.0,10
10005,0.0,11
10005,0.0,12
10006,131.28956304619226,1
10006,112.74118253968254,2
10006,262.87890301318265,3
10006,57.074050387596905,4
10006,71.13775793650794,5
10006,87.44265729585007,6
10006,93.38681341719077,7
10006,66.02162326388888,8
10006,34.16876331811263,9
10006,0.0,10
10006,0.0,11
10006,0.0,12
10007,116.14210822510825,1
10007,136.49234986627766,2
10007,98.62288056779246,3
10007,94.9015101010101,4
10007,44.27294729344729,5
10007,123.60233309990664,6
10007,98.24985294117648,7
10007,78.20197463768116,8
10007,34.563245294474804,9
10007,0.0,10
10007,0.0,11
10007,0.0,12
10009,140.41539651837522,1
10009,124.44796531854752,2
10009,189.79352084972464,3
10009,54.20878117913832,4
10009,35.2912663723326,5
10009,48.82722771500314,6
10009,88.10785724606271,7
10009,54.01951913543525,8
10009,21.138944266524334,9
10009,0.0,10
10009,0.0,11
10009,0.0,12
10010,278.13703101030023,1
10010,198.118898957593,2
10010,94.44451668530948,3
10010,61.84257020091987,4
10010,73.4847701486698,5
10010,55.49011177136389,6
10010,141.0691158234127,7
10010,60.4439253647587,8
10010,30.696140740740734,9
10010,0.0,10
10010,0.0,11
10010,0.0,12
10011,185.7942157035471,1
10011,204.50649,2
10011,180.68247991557732,3
10011,86.35428497139885,4
10011,82.50067080045096,5
10011,105.20455164813144,6
10011,118.70480292588562,7
10011,66.06862127735917,8
10011,30.509944444444447,9
10011,0.0,10
10011,0.0,11
10011,0.0,12
10012,175.50785760428204,1
10012,171.04258469945356,2
10012,241.1930424903431,3
10012,64.97537983425414,4
10012,115.96089983022073,5
10012,87.48679418453541,6
10012,166.08665820868947,7
10012,80.82150165016502,8
10012,28.92945614035088,9
10012,0.0,10
10012,0.0,11
10012,0.0,12
10013,130.9326790471713,1
10013,121.89476376300772,2
10013,166.60180235535074,3
10013,88.50219067215363,4
10013,42.115965719063546,5
10013,89.30313831660503,6
10013,84.95751006441223,7
10013,65.68122401937802,8
10013,29.52582070707071,9
10013,0.0,10
10013,0.0,11
10013,0.0,12
10014,179.5845283018868,1
10014,130.71114876171353,2
10014,283.5113163452709,3
10014,83.83153629629629,4
10014,56.97074854651163,5
10014,99.27291028845153,6
10014,157.43209234077173,7
10014,66.72286676140209,8
10014,32.72805186660764,9
10014,0.0,10
10014,0.0,11
10014,0.0,12
10016,126.88223256635382,1
10016,190.73201755651755,2
10016,144.53628070175438,3
10016,85.91612460638777,4
10016,56.63350926850927,5
10016,112.5906209304768,6
10016,109.14384885378962,7
10016,134.3410734299517,8
10016,62.50459350221399,9
10016,0.0,10
10016,0.0,11
10016,0.0,12
10017,304.5514890350877,1
10017,310.83653708668453,2
10017,288.85150041305246,3
10017,68.4125424701561,4
10017,44.15547839506173,5
10017,75.5207365466512,6
10017,106.82646599070551,7
10017,92.03751543209876,8
10017,23.89798935617861,9
10017,0.0,10
10017,0.0,11
10017,0.0,12
10018,187.89805476641413,1
10018,313.7573168789809,2
10018,270.81289824771005,3
10018,54.3033466241361,4
10018,64.03141754850088,5
10018,53.57821256038648,6
10018,98.46929512258735,7
10018,50.50435305658819,8
10018,12.891698047419805,9
10018,0.0,10
10018,0.0,11
10018,0.0,12
10019,147.2900380038004,1
10019,173.7505018536692,2
10019,179.07360494841598,3
10019,69.76598515519568,4
10019,41.33563633238807,5
10019,74.18787982333798,6
10019,101.45258371385084,7
10019,46.3027146942552,8
10019,18.62847450264964,9
10019,0.0,10
10019,0.0,11
10019,0.0,12
10020,498.5042592592592,1
10020,145.6326,2
10020,202.4851495726496,3
10020,0.25125,4
10020,0.2415277777777777,5
10020,62.391507936507935,6
10020,118.5054365079365,7
10020,15.510173611111112,8
10020,11.679242424242425,9
10020,0.0,10
10020,0.0,11
10020,0.0,12
10021,150.93691160372194,1
10021,165.2163507625272,2
10021,278.16983091787444,3
10021,122.9406812169312,4
10021,121.07348986794172,5
10021,135.71093446824088,6
10021,187.3317900516796,7
10021,86.63353023909987,8
10021,47.27532196969697,9
10021,0.0,10
10021,0.0,11
10021,0.0,12
10022,177.4248823582036,1
10022,230.23982771970577,2
10022,180.42007164669957,3
10022,139.84142962962963,4
10022,99.67956883087908,5
10022,102.86892101621194,6
10022,117.847027479092,7
10022,88.1091225749559,8
10022,30.578698229077407,9
10022,0.0,10
10022,0.0,11
10022,0.0,12
10023,146.8310823092678,1
10023,137.32283317836666,2
10023,168.62155458742924,3
10023,87.57291182733256,4
10023,42.61339305555556,5
10023,70.724571616048,6
10023,105.65476211903048,7
10023,59.2534719241774,8
10023,21.00120583370921,9
10023,0.0,10
10023,0.0,11
10023,0.0,12
10024,134.13219739455542,1
10024,160.48564969931272,2
10024,201.70810329218105,3
10024,122.93778224365845,4
10024,78.4703725824801,5
10024,102.2947962274542,6
10024,76.86057526881721,7
10024,64.91763589666866,8
10024,26.657579545454546,9
10024,0.0,10
10024,0.0,11
10024,0.0,12
10025,133.1974918688467,1
10025,182.94794780112863,2
10025,213.8159244628376,3
10025,130.9303932409628,4
10025,65.01603659368392,5
10025,82.93490583371613,6
10025,98.49967291045834,7
10025,65.42783493077742,8
10025,24.682210366965784,9
10025,0.0,10
10025,0.0,11
10025,0.0,12
10026,140.80777178257395,1
10026,114.63610387522108,2
10026,186.150285462204,3
10026,109.77198443223443,4
10026,89.55718370522162,5
10026,41.974283284385706,6
10026,67.11455003050641,7
10026,46.64977410901468,8
10026,11.2620883470551,9
10026,0.0,10
10026,0.0,11
10026,0.0,12
10027,130.1672537878788,1
10027,126.74357121879588,2
10027,222.2244550855724,3
10027,115.30810528776672,4
10027,68.79811863779382,5
10027,83.62068133471851,6
10027,91.21391588117682,7
10027,65.84921583459405,8
10027,23.55584486598266,9
10027,0.0,10
10027,0.0,11
10027,0.0,12
10028,130.76005308183878,1
10028,132.71806539351851,2
10028,178.4673706577975,3
10028,64.11496929327286,4
10028,61.82052828513445,5
10028,91.23148600554951,6
10028,153.99124109901922,7
10028,67.60317634363687,8
10028,21.895337390296405,9
10028,0.0,10
10028,0.0,11
10028,0.0,12
10029,106.31163852498788,1
10029,137.2996987982483,2
10029,161.7538333786478,3
10029,127.38508748741188,4
10029,91.65581391954224,5
10029,50.31293005671077,6
10029,87.45833067401605,7
10029,50.26782016836826,8
10029,19.43533099191145,9
10029,0.0,10
10029,0.0,11
10029,0.0,12
10030,131.91671855493132,1
10030,90.97579535054,2
10030,361.33745535714286,3
10030,124.4740873015873,4
10030,126.23400442716768,5
10030,59.14168005983441,6
10030,121.41193724382408,7
10030,73.35901490066226,8
10030,32.25367611434108,9
10030,0.0,10
10030,0.0,11
10030,0.0,12
10031,96.06435391951618,1
10031,102.31094095288606,2
10031,259.13915278703087,3
10031,157.5047268601338,4
10031,75.48078877244839,5
10031,67.66563076640062,6
10031,67.10813490935506,7
10031,57.90675853407698,8
10031,17.319060174240434,9
10031,0.0,10
10031,0.0,11
10031,0.0,12
10032,134.0163530027933,1
10032,185.6503151997263,2
10032,207.3367871315193,3
10032,152.4236463276836,4
10032,83.84075989006038,5
10032,50.968483093337134,6
10032,39.66824441336836,7
10032,34.59693817368314,8
10032,17.74136152721037,9
10032,0.0,10
10032,0.0,11
10032,0.0,12
10033,133.52127082292188,1
10033,146.92023120138288,2
10033,247.10155116395316,3
10033,196.10426068722944,4
10033,80.22388611600444,5
10033,57.864985011990406,6
10033,53.4658785685565,7
10033,40.595812675590814,8
10033,15.684850918244344,9
10033,0.0,10
10033,0.0,11
10033,0.0,12
10034,135.25141297366733,1
10034,113.89488864942528,2
10034,245.41006757369613,3
10034,101.3989809299247,4
10034,41.71375392341494,5
10034,28.412370999431257,6
10034,39.9570612087847,7
10034,20.31961644444445,8
10034,6.672827368567069,9
10034,0.0,10
10034,0.0,11
10034,0.0,12
10035,122.57835590756044,1
10035,160.95713806035235,2
10035,249.88126182408584,3
10035,183.1666942175548,4
10035,104.668298047331,5
10035,66.61914094280928,6
10035,112.80792898402989,7
10035,61.30301661669166,8
10035,28.97223670352817,9
10035,0.0,10
10035,0.0,11
10035,0.0,12
10036,228.1529424157303,1
10036,238.84503022452503,2
10036,220.46924440483264,3
10036,96.55288063691306,4
10036,50.59910197869102,5
10036,79.15519814814814,6
10036,114.65795721187024,7
10036,53.755114466815805,8
10036,24.00307324016563,9
10036,0.0,10
10036,0.0,11
10036,0.0,12
10037,107.54971558872305,1
10037,175.40857592592593,2
10037,265.6118485380117,3
10037,64.94677397446345,4
10037,74.4094957774466,5
10037,67.13796674413457,6
10037,95.64237831294598,7
10037,73.76359538784067,8
10037,11.61096188158962,9
10037,0.0,10
10037,0.0,11
10037,0.0,12
10038,80.58697860481841,1
10038,76.7656045751634,2
10038,100.59359021035598,3
10038,69.74613278741168,4
10038,28.6167784992785,5
10038,78.69090277777778,6
10038,78.69481717965509,7
10038,81.76284472934474,8
10038,29.92443551587301,9
10038,0.0,10
10038,0.0,11
10038,0.0,12
10039,128.1231005892256,1
10039,144.3377600879709,2
10039,204.7806821779044,3
10039,145.85037413429689,4
10039,102.99769582565992,5
10039,83.92510362162717,6
10039,115.81302613574164,7
10039,63.43305280800088,8
10039,16.79490850970018,9
10039,0.0,10
10039,0.0,11
10039,0.0,12
10040,119.21175916350684,1
10040,106.04499049100968,2
10040,190.03694160775072,3
10040,121.42326219226808,4
10040,37.60228060225958,5
10040,20.680400378911788,6
10040,41.25305380073496,7
10040,31.916680768197686,8
10040,13.045922802763082,9
10040,0.0,10
10040,0.0,11
10040,0.0,12
10041,251.56965277777775,1
10041,0.0,2
10041,24.711388888888887,3
10041,0.055,4
10041,0.0,5
10041,66.90194444444445,6
10041,19.02,7
10041,25.04652777777778,8
10041,11.008,9
10041,0.0,10
10041,0.0,11
10041,0.0,12
10044,99.84869883040936,1
10044,25.02361111111111,2
10044,356.1059188034188,3
10044,105.2958111111111,4
10044,14.57776094276094,5
10044,44.05511229314421,6
10044,260.7818686868687,7
10044,59.79347670250896,8
10044,88.42696581196581,9
10044,0.0,10
10044,0.0,11
10044,0.0,12
10045,35.85861111111111,1
10045,144.76000000000002,2
10045,0.0,3
10045,0.1569444444444444,4
10045,1.0094444444444444,5
10045,0.0,6
10045,0.0,7
10045,898.1130555555555,8
10045,11.294027777777778,9
10045,0.0,10
10045,0.0,11
10045,0.0,12
10048,0.0,1
10048,0.0,2
10048,0.0,3
10048,0.0,4
10048,0.0,5
10048,0.0,6
10048,0.0,7
10048,0.2086111111111111,8
10048,7.65,9
10048,0.0,10
10048,0.0,11
10048,0.0,12
10055,0.0,1
10055,166.79861111111111,2
10055,0.0,3
10055,0.0,4
10055,0.0,5
10055,0.0,6
10055,0.0,7
10055,0.0,8
10055,230.31333333333333,9
10055,0.0,10
10055,0.0,11
10055,0.0,12
10065,181.71607739665788,1
10065,202.3405875509017,2
10065,179.62758888888888,3
10065,56.990033444816056,4
10065,64.56169270833333,5
10065,75.49697633434039,6
10065,124.62379925925929,7
10065,83.12419107091588,8
10065,31.570691434468525,9
10065,0.0,10
10065,0.0,11
10065,0.0,12
10069,121.90222222222222,1
10069,93.36195555555555,2
10069,162.19824074074074,3
10069,176.33378600823048,4
10069,69.76219696969697,5
10069,92.21061447811448,6
10069,62.991085858585855,7
10069,24.07371212121212,8
10069,10.480530303030305,9
10069,0.0,10
10069,0.0,11
10069,0.0,12
10075,153.98618992695117,1
10075,127.19401180797522,2
10075,353.8232791977281,3
10075,288.2429024342363,4
10075,140.5117958152958,5
10075,165.35383580570098,6
10075,197.70220298553403,7
10075,129.2595909090909,8
10075,38.92618427069044,9
10075,0.0,10
10075,0.0,11
10075,0.0,12
10103,38.09034722222222,1
10103,249.18166666666667,2
10103,0.3594444444444444,3
10103,0.0,4
10103,0.0211111111111111,5
10103,0.0,6
10103,94.315,7
10103,0.5601388888888889,8
10103,2.7198611111111117,9
10103,0.0,10
10103,0.0,11
10103,0.0,12
10105,103.34796296296297,1
10105,0.0,2
10105,573.2024305555556,3
10105,0.1247222222222222,4
10105,2.05375,5
10105,0.0,6
10105,69.4225,7
10105,0.7172222222222222,8
10105,4.6752777777777785,9
10105,0.0,10
10105,0.0,11
10105,0.0,12
10106,0.0,1
10106,1.3,2
10106,60.31666666666666,3
10106,0.6466666666666666,4
10106,0.0,5
10106,0.0,6
10106,0.0,7
10106,0.0,8
10106,0.0,9
10106,0.0,10
10106,0.0,11
10106,0.0,12
10107,0.0,1
10107,0.0,2
10107,18.682954545454542,3
10107,0.0,4
10107,21.411527777777778,5
10107,0.0,6
10107,0.0,7
10107,2.859583333333333,8
10107,0.0,9
10107,0.0,10
10107,0.0,11
10107,0.0,12
10110,12.721666666666666,1
10110,474.4212037037037,2
10110,0.0,3
10110,0.0,4
10110,0.0,5
10110,0.0,6
10110,2.3223611111111118,7
10110,0.0,8
10110,0.0,9
10110,0.0,10
10110,0.0,11
10110,0.0,12
10111,0.0,1
10111,1413.3508333333334,2
10111,1.2661111111111112,3
10111,10.039814814814816,4
10111,0.0575,5
10111,0.0,6
10111,499.6208333333333,7
10111,0.0,8
10111,0.0,9
10111,0.0,10
10111,0.0,11
10111,0.0,12
10112,0.0,1
10112,408.2559722222222,2
10112,0.0,3
10112,43.39333333333334,4
10112,0.0,5
10112,24.920277777777777,6
10112,410.40333333333336,7
10112,24.799166666666668,8
10112,146.0914814814815,9
10112,0.0,10
10112,0.0,11
10112,0.0,12
10115,0.0,1
10115,0.0,2
10115,171.98694444444445,3
10115,0.0,4
10115,352.6045833333334,5
10115,1072.963611111111,6
10115,389.7578703703704,7
10115,228.9449074074074,8
10115,0.0,9
10115,0.0,10
10115,0.0,11
10115,0.0,12
10118,437.9333796296296,1
10118,40.20291666666667,2
10118,30.24361111111111,3
10118,0.0,4
10118,635.2755555555556,5
10118,0.0,6
10118,30.953611111111112,7
10118,34.76833333333333,8
10118,0.0,9
10118,0.0,10
10118,0.0,11
10118,0.0,12
10119,448.7636111111111,1
10119,20.524675925925926,2
10119,22.578125000000004,3
10119,0.8402777777777778,4
10119,7.911277777777778,5
10119,1.249925925925926,6
10119,3.233763888888889,7
10119,4.076319444444445,8
10119,6.91381313131313,9
10119,0.0,10
10119,0.0,11
10119,0.0,12
10120,635.3035416666667,1
10120,10.325,2
10120,78.9462962962963,3
10120,3.267638888888889,4
10120,0.1431944444444444,5
10120,119.85486111111112,6
10120,110.71444444444444,7
10120,0.7571825396825397,8
10120,0.0,9
10120,0.0,10
10120,0.0,11
10120,0.0,12
10121,443.1860057471264,1
10121,446.75281362007166,2
10121,566.1737847222222,3
10121,10.692256944444445,4
10121,0.2165277777777777,5
10121,2.7862777777777774,6
10121,172.3541111111111,7
10121,291.2886666666667,8
10121,23.81719696969697,9
10121,0.0,10
10121,0.0,11
10121,0.0,12
10122,0.0,1
10122,1151.6479166666666,2
10122,89.16388888888889,3
10122,0.0,4
10122,0.3247222222222222,5
10122,0.0,6
10122,39.75777777777778,7
10122,0.0,8
10122,0.0,9
10122,0.0,10
10122,0.0,11
10122,0.0,12
10123,6.735722222222222,1
10123,3.009097222222222,2
10123,0.0,3
10123,0.0533333333333333,4
10123,0.0,5
10123,1.7075,6
10123,6.48125,7
10123,0.19,8
10123,0.4410185185185185,9
10123,0.0,10
10123,0.0,11
10123,0.0,12
10128,166.36153787878789,1
10128,215.44654250404253,2
10128,206.35517916422572,3
10128,68.54115287490288,4
10128,80.15333411470543,5
10128,93.10892611321816,6
10128,107.93317869415806,7
10128,98.07323259525236,8
10128,35.97579323570432,9
10128,0.0,10
10128,0.0,11
10128,0.0,12
10151,2.854722222222222,1
10151,0.0,2
10151,0.0,3
10151,0.0,4
10151,0.0,5
10151,0.0,6
10151,0.2922222222222222,7
10151,0.2448148148148148,8
10151,2.2670833333333333,9
10151,0.0,10
10151,0.0,11
10151,0.0,12
10152,16.92888888888889,1
10152,22.036527777777778,2
10152,1198.1,3
10152,0.0,4
10152,0.0,5
10152,0.0,6
10152,0.0,7
10152,0.0,8
10152,11.367777777777778,9
10152,0.0,10
10152,0.0,11
10152,0.0,12
10153,0.0,1
10153,0.0,2
10153,0.0,3
10153,0.0,4
10153,0.0,5
10153,184.8437037037037,6
10153,0.4421296296296296,7
10153,0.1911111111111111,8
10153,0.0,9
10153,0.0,10
10153,0.0,11
10153,0.0,12
10154,3.1352777777777776,1
10154,0.0,2
10154,593.5290277777779,3
10154,0.0,4
10154,0.0,5
10154,359.9060185185185,6
10154,22.558333333333334,7
10154,24.87868055555556,8
10154,0.5769444444444445,9
10154,0.0,10
10154,0.0,11
10154,0.0,12
10155,4.200555555555556,1
10155,1520.8005555555555,2
10155,35.92625,3
10155,1.2891666666666666,4
10155,0.0,5
10155,1.6047222222222222,6
10155,0.0,7
10155,0.6133333333333333,8
10155,0.0,9
10155,0.0,10
10155,0.0,11
10155,0.0,12
10158,0.0,1
10158,1570.897222222222,2
10158,24.0,3
10158,0.0,4
10158,0.0,5
10158,0.0,6
10158,0.0,7
10158,0.0711111111111111,8
10158,0.0,9
10158,0.0,10
10158,0.0,11
10158,0.0,12
10162,14.369305555555556,1
10162,0.0,2
10162,10.61088888888889,3
10162,0.44125,4
10162,18.494027777777777,5
10162,42.48506944444444,6
10162,40.29192307692309,7
10162,27.00787037037037,8
10162,0.1555555555555555,9
10162,0.0,10
10162,0.0,11
10162,0.0,12
10165,357.9757638888889,1
10165,4.387083333333333,2
10165,0.0,3
10165,0.5296296296296297,4
10165,971.1036111111111,5
10165,0.0,6
10165,63.98833333333334,7
10165,15.597962962962963,8
10165,0.0,9
10165,0.0,10
10165,0.0,11
10165,0.0,12
10166,0.4405555555555555,1
10166,0.0,2
10166,0.0,3
10166,0.0,4
10166,0.0402777777777777,5
10166,0.0,6
10166,0.0,7
10166,0.0,8
10166,0.0,9
10166,0.0,10
10166,0.0,11
10166,0.0,12
10167,0.0,1
10167,0.0,2
10167,0.0,3
10167,0.0,4
10167,0.0,5
10167,0.0,6
10167,2.478055555555556,7
10167,0.0,8
10167,0.0,9
10167,0.0,10
10167,0.0,11
10167,0.0,12
10168,799.7796666666666,1
10168,332.6304861111112,2
10168,360.5561666666666,3
10168,1.0964444444444443,4
10168,0.1658333333333333,5
10168,0.3711111111111111,6
10168,0.1732407407407407,7
10168,0.0,8
10168,4.25111111111111,9
10168,0.0,10
10168,0.0,11
10168,0.0,12
10169,7.814783950617285,1
10169,2.4086805555555557,2
10169,17.746219512195122,3
10169,4.339888888888889,4
10169,8.437173202614378,5
10169,7.828985042735042,6
10169,25.35584422657952,7
10169,4.150428802588997,8
10169,4.600608747044918,9
10169,0.0,10
10169,0.0,11
10169,0.0,12
10170,85.35,1
10170,2.7672222222222222,2
10170,0.0,3
10170,0.1688888888888889,4
10170,0.0,5
10170,15.895833333333334,6
10170,78.24188271604937,7
10170,118.50037037037038,8
10170,0.1257638888888888,9
10170,0.0,10
10170,0.0,11
10170,0.0,12
10171,127.29777777777778,1
10171,0.0,2
10171,23.33333333333333,3
10171,0.0,4
10171,33.09097222222222,5
10171,0.0,6
10171,0.0,7
10171,0.0,8
10171,22.29694444444445,9
10171,0.0,10
10171,0.0,11
10171,0.0,12
10172,16.50138888888889,1
10172,56.634027777777774,2
10172,25.975925925925925,3
10172,0.0,4
10172,0.0,5
10172,0.0,6
10172,143.8711111111111,7
10172,0.0,8
10172,0.0,9
10172,0.0,10
10172,0.0,11
10172,0.0,12
10173,47.89472222222222,1
10173,0.0,2
10173,0.0,3
10173,0.44,4
10173,18.0,5
10173,0.0,6
10173,9.09,7
10173,0.6055555555555555,8
10173,8.531666666666666,9
10173,0.0,10
10173,0.0,11
10173,0.0,12
10174,0.0,1
10174,0.0,2
10174,411.5179166666667,3
10174,4.883611111111111,4
10174,0.0994444444444444,5
10174,0.0,6
10174,0.0,7
10174,0.0,8
10174,83.24277777777777,9
10174,0.0,10
10174,0.0,11
10174,0.0,12
10175,0.0,1
10175,0.0,2
10175,0.0,3
10175,0.0,4
10175,0.0,5
10175,0.0,6
10175,2.0052777777777777,7
10175,0.0,8
10175,0.0,9
10175,0.0,10
10175,0.0,11
10175,0.0,12
10176,0.0,1
10176,196.56666666666663,2
10176,91.41064814814814,3
10176,0.0,4
10176,0.0,5
10176,0.0,6
10176,0.0,7
10176,0.0,8
10176,0.0,9
10176,0.0,10
10176,0.0,11
10176,0.0,12
10177,654.2323611111111,1
10177,0.0,2
10177,52.86305555555556,3
10177,0.0,4
10177,0.555,5
10177,0.1472222222222222,6
10177,21.18027777777778,7
10177,0.0,8
10177,4.6075,9
10177,0.0,10
10177,0.0,11
10177,0.0,12
10178,108.91324074074072,1
10178,0.0,2
10178,2243.280555555556,3
10178,0.0,4
10178,0.0,5
10178,4.500601851851852,6
10178,0.2129166666666666,7
10178,37.27694444444444,8
10178,0.2927777777777778,9
10178,0.0,10
10178,0.0,11
10178,0.0,12
10179,0.0,1
10179,698.220324074074,2
10179,0.0,3
10179,0.0,4
10179,0.0,5
10179,0.3869444444444444,6
10179,0.0,7
10179,0.0,8
10179,0.0,9
10179,0.0,10
10179,0.0,11
10179,0.0,12
10271,1996.129305555556,1
10271,0.4211111111111111,2
10271,751.6545833333333,3
10271,0.0,4
10271,0.0,5
10271,4.426527777777778,6
10271,3.305555555555556,7
10271,0.0,8
10271,0.0,9
10271,0.0,10
10271,0.0,11
10271,0.0,12
10278,307.92284722222223,1
10278,4.19212962962963,2
10278,15.392777777777775,3
10278,14.615324074074076,4
10278,84.51513888888888,5
10278,52.6405,6
10278,4.764166666666666,7
10278,12.851064814814814,8
10278,5.85,9
10278,0.0,10
10278,0.0,11
10278,0.0,12
10279,23.529884259259266,1
10279,195.4775,2
10279,0.0,3
10279,0.21375,4
10279,0.32375,5
10279,0.1719444444444444,6
10279,7.58638888888889,7
10279,34.234722222222224,8
10279,205.4613888888889,9
10279,0.0,10
10279,0.0,11
10279,0.0,12
10280,177.6625664251208,1
10280,76.00866898148148,2
10280,197.94969246031744,3
10280,18.258183183183185,4
10280,2.054623015873016,5
10280,49.91980555555556,6
10280,39.8675406504065,7
10280,37.78997777777778,8
10280,17.883849206349208,9
10280,0.0,10
10280,0.0,11
10280,0.0,12
10281,328.97020833333335,1
10281,449.1543981481482,2
10281,646.3384722222222,3
10281,533.8083333333334,4
10281,20.830092592592592,5
10281,151.17916666666667,6
10281,52.13625,7
10281,43.48436507936509,8
10281,0.5485416666666667,9
10281,0.0,10
10281,0.0,11
10281,0.0,12
10282,37.062092013888886,1
10282,138.86186274509805,2
10282,84.44439814814815,3
10282,46.50503472222223,4
10282,9.087509107468124,5
10282,79.86848765432099,6
10282,56.8278425925926,7
10282,235.49814814814812,8
10282,32.14944444444444,9
10282,0.0,10
10282,0.0,11
10282,0.0,12
10301,124.53797357132972,1
10301,130.7652217553688,2
10301,175.9625807748538,3
10301,83.5362986421593,4
10301,79.85412269045811,5
10301,102.61134054217386,6
10301,124.65111473880596,7
10301,75.90838996289787,8
10301,32.40695560969008,9
10301,0.0,10
10301,0.0,11
10301,0.0,12
10302,183.11683274021357,1
10302,162.26113267770876,2
10302,356.0144276989756,3
10302,107.4400293998378,4
10302,180.2213002873563,5
10302,86.65003642987249,6
10302,147.83012359011278,7
10302,86.17733475479744,8
10302,23.25394845894846,9
10302,0.0,10
10302,0.0,11
10302,0.0,12
10303,120.12356097961867,1
10303,124.89433436761227,2
10303,172.86533242258653,3
10303,140.34518696581196,4
10303,95.241614755909,5
10303,95.60340905409782,6
10303,135.9889240659874,7
10303,62.621443236714974,8
10303,23.96710495455878,9
10303,0.0,10
10303,0.0,11
10303,0.0,12
10304,126.28501464128844,1
10304,136.8347399150743,2
10304,242.7723891581404,3
10304,205.24269893483708,4
10304,134.4059195887903,5
10304,104.39885302125876,6
10304,131.06717923558546,7
10304,103.3756736233588,8
10304,33.40622321701867,9
10304,0.0,10
10304,0.0,11
10304,0.0,12
10305,107.7617093639576,1
10305,86.37291347715147,2
10305,114.56556237599206,3
10305,122.9272592089372,4
10305,122.5368002225932,5
10305,118.35377631578947,6
10305,121.6794093634392,7
10305,106.14529812779811,8
10305,24.54534901433692,9
10305,0.0,10
10305,0.0,11
10305,0.0,12
10306,103.84597975583372,1
10306,109.8283552987294,2
10306,137.76146970380395,3
10306,74.10366656937148,4
10306,104.73465546942292,5
10306,145.4306855396066,6
10306,128.00690303657694,7
10306,114.93152133502323,8
10306,35.882375,9
10306,0.0,10
10306,0.0,11
10306,0.0,12
10307,157.92224666666667,1
10307,138.11995652173914,2
10307,127.67976273148147,3
10307,89.84339611872146,4
10307,55.55470469255663,5
10307,81.80068945442449,6
10307,78.22163407407407,7
10307,115.03682315064393,8
10307,36.72106635802469,9
10307,0.0,10
10307,0.0,11
10307,0.0,12
10308,120.51071910695742,1
10308,102.1822823509485,2
10308,145.30410263653482,3
10308,57.0227380952381,4
10308,98.59164935473716,5
10308,68.87277342995169,6
10308,132.3955995547074,7
10308,118.91042250233428,8
10308,37.94986633811231,9
10308,0.0,10
10308,0.0,11
10308,0.0,12
10309,121.88338762386677,1
10309,132.42906167506598,2
10309,170.47900745257454,3
10309,88.175987131199,4
10309,104.03192600044711,5
10309,155.68951859535886,6
10309,116.26190952151572,7
10309,126.11226996527778,8
10309,38.25772463768116,9
10309,0.0,10
10309,0.0,11
10309,0.0,12
10310,108.77370065120066,1
10310,97.58751873385012,2
10310,170.23200452360757,3
10310,187.688268018018,4
10310,61.21383524904215,5
10310,86.74064956079519,6
10310,100.17886384650949,7
10310,82.41727207977208,8
10310,31.2380056745378,9
10310,0.0,10
10310,0.0,11
10310,0.0,12
10312,108.50485553004212,1
10312,139.82380816086894,2
10312,186.80283292483665,3
10312,83.10246752738655,4
10312,102.71525925925926,5
10312,128.6899630047655,6
10312,108.87255749405234,7
10312,132.52740484700277,8
10312,43.58061075875029,9
10312,0.0,10
10312,0.0,11
10312,0.0,12
10314,100.64833309073263,1
10314,144.46148148148148,2
10314,140.37030142870933,3
10314,93.91679352068697,4
10314,107.67563022426096,5
10314,95.02486393023604,6
10314,99.09777100271002,7
10314,100.91565395592724,8
10314,29.86580717080717,9
10314,0.0,10
10314,0.0,11
10314,0.0,12
10451,158.97118848653668,1
10451,164.87328086743616,2
10451,357.3560312530809,3
10451,119.52618837380427,4
10451,76.96332018097644,5
10451,61.169425559291085,6
10451,72.83667911788869,7
10451,61.84325223361516,8
10451,21.1988834422658,9
10451,0.0,10
10451,0.0,11
10451,0.0,12
10452,186.8384341551988,1
10452,182.6137641805455,2
10452,378.4224192893989,3
10452,126.79842960388392,4
10452,82.15507635166435,5
10452,74.92361715117035,6
10452,72.67510859944983,7
10452,48.490058816089046,8
10452,23.04000101010101,9
10452,0.0,10
10452,0.0,11
10452,0.0,12
10453,211.3394004975125,1
10453,146.2804014459665,2
10453,271.3975961126416,3
10453,174.29927541131394,4
10453,95.14075335397315,5
10453,52.22282113972875,6
10453,74.105793127099,7
10453,49.44165712799168,8
10453,19.92027680311891,9
10453,0.0,10
10453,0.0,11
10453,0.0,12
10454,171.23428090766822,1
10454,139.5249095310907,2
10454,208.40561615070797,3
10454,122.63237908056304,4
10454,87.24755007153075,5
10454,75.13205938697318,6
10454,140.01392623511032,7
10454,56.08873323579615,8
10454,26.927269570707068,9
10454,0.0,10
10454,0.0,11
10454,0.0,12
10455,139.82879278728606,1
10455,148.49595481164926,2
10455,162.67310892336252,3
10455,115.318227528826,4
10455,101.55268457148118,5
10455,71.17205942908988,6
10455,95.3700716845878,7
10455,69.42243167648817,8
10455,20.82917861111111,9
10455,0.0,10
10455,0.0,11
10455,0.0,12
10456,169.98040313028764,1
10456,171.1238898044386,2
10456,237.18438056125945,3
10456,152.38903081232493,4
10456,90.66697214372223,5
10456,73.1500493753521,6
10456,98.4523964604999,7
10456,87.9030493877924,8
10456,26.190398805715503,9
10456,0.0,10
10456,0.0,11
10456,0.0,12
10457,151.5365578713755,1
10457,123.92985853193024,2
10457,229.47656018908543,3
10457,144.38428050545537,4
10457,68.41867100928422,5
10457,72.63173947245096,6
10457,83.0854075741044,7
10457,35.585283296541576,8
10457,26.091184696867256,9
10457,0.0,10
10457,0.0,11
10457,0.0,12
10458,198.2507654427233,1
10458,151.69921897659,2
10458,226.74695069718,3
10458,158.05490334265835,4
10458,122.56777891569313,5
10458,98.67001305177504,6
10458,110.16002383474576,7
10458,68.12883354132002,8
10458,26.546172569064137,9
10458,0.0,10
10458,0.0,11
10458,0.0,12
10459,201.44503980266845,1
10459,212.3561790780142,2
10459,313.1058216837528,3
10459,186.869725168756,4
10459,104.33023959060247,5
10459,128.44078713606655,6
10459,128.44682111504193,7
10459,80.4274075721629,8
10459,27.042691857849757,9
10459,0.0,10
10459,0.0,11
10459,0.0,12
10460,173.56244185597282,1
10460,153.36791575292398,2
10460,288.16215,3
10460,157.8487352092352,4
10460,104.78218761334784,5
10460,86.35028096940296,6
10460,99.29001537552948,7
10460,68.66415025037793,8
10460,22.94810821123321,9
10460,0.0,10
10460,0.0,11
10460,0.0,12
10461,148.21784691719537,1
10461,151.21824354657687,2
10461,195.281524615684,3
10461,129.8017466955803,4
10461,56.563005347799326,5
10461,141.6990089737861,6
10461,103.83650991452993,7
10461,96.13553297997645,8
10461,28.925033881897388,9
10461,0.0,10
10461,0.0,11
10461,0.0,12
10462,139.99461834094367,1
10462,128.90655225288984,2
10462,174.99409695759994,3
10462,106.3177430783841,4
10462,75.00689364096792,5
10462,73.40756413635565,6
10462,102.92006667895772,7
10462,78.14568834613976,8
10462,32.768205373058315,9
10462,0.0,10
10462,0.0,11
10462,0.0,12
10463,154.26526894669234,1
10463,112.6839217273954,2
10463,128.9897373852245,3
10463,89.71654429046114,4
10463,63.552064944834505,5
10463,75.87698997628317,6
10463,99.3114051603905,7
10463,48.81133521870287,8
10463,21.88616451589385,9
10463,0.0,10
10463,0.0,11
10463,0.0,12
10464,155.9540972222222,1
10464,185.9863975694444,2
10464,74.2953443287037,3
10464,62.978166016894086,4
10464,80.28359561752988,5
10464,139.8787780112045,6
10464,101.89975836431226,7
10464,80.75584307992203,8
10464,32.778930555555554,9
10464,0.0,10
10464,0.0,11
10464,0.0,12
10465,121.27832842931204,1
10465,124.19682151483782,2
10465,74.89128313418486,3
10465,72.17793035426732,4
10465,85.58109918931807,5
10465,117.596718061674,6
10465,80.61614497015059,7
10465,76.95566324945635,8
10465,18.22584552219656,9
10465,0.0,10
10465,0.0,11
10465,0.0,12
10466,148.35020609318997,1
10466,159.30776671183378,2
10466,243.2805161726324,3
10466,42.66786378239838,4
10466,23.47326821465951,5
10466,40.48081386538704,6
10466,31.85710013971072,7
10466,15.771075040248776,8
10466,8.784707717327025,9
10466,0.0,10
10466,0.0,11
10466,0.0,12
10467,254.35452351313967,1
10467,175.23880019251925,2
10467,294.56034461768974,3
10467,143.7948414025588,4
10467,111.64678993055556,5
10467,109.48709254652664,6
10467,130.2372360185746,7
10467,84.65332356808601,8
10467,27.73336351875809,9
10467,0.0,10
10467,0.0,11
10467,0.0,12
10468,200.1753058741745,1
10468,145.4492970795569,2
10468,212.9791682316119,3
10468,113.41396703036052,4
10468,87.29844803370787,5
10468,65.54451151192184,6
10468,89.28299631803483,7
10468,47.64444535568921,8
10468,20.66530113234253,9
10468,0.0,10
10468,0.0,11
10468,0.0,12
10469,158.99251011446617,1
10469,157.9021975119291,2
10469,160.0148120210728,3
10469,165.54138049350271,4
10469,128.57295116912798,5
10469,110.63910769432948,6
10469,109.58869800479413,7
10469,84.23683103764921,8
10469,25.097868695568952,9
10469,0.0,10
10469,0.0,11
10469,0.0,12
10470,162.1229556898288,1
10470,174.11991804467655,2
10470,277.00475783475787,3
10470,109.3914576388889,4
10470,89.9424504532996,5
10470,97.8608785113616,6
10470,114.68677431328878,7
10470,86.02248493186582,8
10470,32.56828010645376,9
10470,0.0,10
10470,0.0,11
10470,0.0,12
10471,72.61824558461882,1
10471,90.31983796296296,2
10471,114.29480242053076,3
10471,70.70840277777778,4
10471,76.66011454753722,5
10471,99.79105119825708,6
10471,108.011228453991,7
10471,73.78229280926264,8
10471,27.72601585014409,9
10471,0.0,10
10471,0.0,11
10471,0.0,12
10472,132.30296261170122,1
10472,134.07500208159868,2
10472,257.95012996031744,3
10472,174.2265187779724,4
10472,92.72031301119918,5
10472,73.92219731189938,6
10472,66.50351006124234,7
10472,50.15131688982852,8
10472,19.897964733703475,9
10472,0.0,10
10472,0.0,11
10472,0.0,12
10473,123.72492902850496,1
10473,96.38849151234568,2
10473,138.0202939205653,3
10473,74.13431331747918,4
10473,60.391338295727685,5
10473,66.05523576535671,6
10473,78.04670052027653,7
10473,49.08294520097362,8
10473,19.508612096837787,9
10473,0.0,10
10473,0.0,11
10473,0.0,12
10474,250.5403156199678,1
10474,170.32585599194363,2
10474,272.4864692982456,3
10474,149.07425392251042,4
10474,104.3434103454416,5
10474,79.59584701696771,6
10474,139.17775516795865,7
10474,72.7096972934473,8
10474,34.588266162888324,9
10474,0.0,10
10474,0.0,11
10474,0.0,12
10475,88.29427879714576,1
10475,174.88184969853577,2
10475,175.50177213868002,3
10475,112.09307692307692,4
10475,119.61497051520794,5
10475,107.07046121593292,6
10475,133.80111666666664,7
10475,71.9420793022574,8
10475,26.846668803418805,9
10475,0.0,10
10475,0.0,11
10475,0.0,12
11001,151.1163621794872,1
11001,256.542463768116,2
11001,35.89724160206719,3
11001,26.302866666666663,4
11001,81.1732264957265,5
11001,223.06744117647057,6
11001,168.74817574786326,7
11001,167.4303719806763,8
11001,40.89655982905983,9
11001,0.0,10
11001,0.0,11
11001,0.0,12
11004,378.5880906148867,1
11004,520.6879736467237,2
11004,92.68269314236112,3
11004,78.19948717948718,4
11004,171.40377688172043,5
11004,178.68615869341562,6
11004,239.3570285888078,7
11004,180.4712800519818,8
11004,37.079040849673206,9
11004,0.0,10
11004,0.0,11
11004,0.0,12
11005,25.450648148148147,1
11005,0.0,2
11005,9.550555555555556,3
11005,7.938611111111111,4
11005,0.4272777777777777,5
11005,84.31006944444445,6
11005,201.98875,7
11005,197.4975,8
11005,0.5223333333333333,9
11005,0.0,10
11005,0.0,11
11005,0.0,12
11040,345.4349154589372,1
11040,346.16330158730153,2
11040,101.16803571428572,3
11040,144.5111031746032,4
11040,173.30672413793104,5
11040,116.41372685185183,6
11040,151.5278015873016,7
11040,143.30575281803542,8
11040,26.663849206349205,9
11040,0.0,10
11040,0.0,11
11040,0.0,12
11101,130.70061774153697,1
11101,126.1292522609819,2
11101,152.4675583776007,3
11101,51.33036675347222,4
11101,61.36136312399356,5
11101,51.46845065391801,6
11101,74.25262260340217,7
11101,64.36443078890963,8
11101,21.10779219964886,9
11101,0.0,10
11101,0.0,11
11101,0.0,12
11102,136.6715639897323,1
11102,91.48591080876795,2
11102,157.08280961102392,3
11102,78.71260032178687,4
11102,71.688088678109,5
11102,83.16856103731816,6
11102,133.35923361823362,7
11102,89.63303774215098,8
11102,17.87618178382464,9
11102,0.0,10
11102,0.0,11
11102,0.0,12
11103,121.83991916354556,1
11103,91.85525777162202,2
11103,118.3066301369863,3
11103,93.94762212212213,4
11103,61.035431161712,5
11103,104.59271401819154,6
11103,123.75900884875024,7
11103,127.11233369374936,8
11103,30.67744292237443,9
11103,0.0,10
11103,0.0,11
11103,0.0,12
11104,162.00720579174367,1
11104,149.41274582889596,2
11104,124.63996134020618,3
11104,69.44877366255145,4
11104,88.81394968200523,5
11104,123.91185883997204,6
11104,109.9281001984127,7
11104,129.0207349537037,8
11104,29.092727746508235,9
11104,0.0,10
11104,0.0,11
11104,0.0,12
11105,185.8823464566929,1
11105,128.97066279289493,2
11105,162.79513828061638,3
11105,60.2678125511373,4
11105,71.07198279342012,5
11105,91.69866993713896,6
11105,121.6677531472359,7
11105,114.21288593436742,8
11105,26.72586842802278,9
11105,0.0,10
11105,0.0,11
11105,0.0,12
11106,145.16403370596203,1
11106,113.5992270738204,2
11106,169.58205140961857,3
11106,109.10502707749764,4
11106,65.64282649693541,5
11106,92.13097551703164,6
11106,101.19044587628866,7
11106,110.43470270890724,8
11106,27.74774712911235,9
11106,0.0,10
11106,0.0,11
11106,0.0,12
11109,127.56658950617285,1
11109,69.73763071895425,2
11109,254.44951388888884,3
11109,-1.712222222222222,4
11109,2.690577777777777,5
11109,8.884106861819326,6
11109,2.37617904589372,7
11109,13.716805555555554,8
11109,5.63846600331675,9
11109,0.0,10
11109,0.0,11
11109,0.0,12
11201,113.31828385228094,1
11201,166.84607290803643,2
11201,136.29091381100727,3
11201,71.41480233602876,4
11201,47.07723714581343,5
11201,92.23047671544064,6
11201,77.06053791625453,7
11201,68.10363991081383,8
11201,27.097183826317785,9
11201,0.0,10
11201,0.0,11
11201,0.0,12
11203,149.8494816272966,1
11203,176.05401036970244,2
11203,183.2843901819525,3
11203,146.26025850677237,4
11203,152.3572465851905,5
11203,89.49185734463276,6
11203,104.77534941449464,7
11203,95.71824768288648,8
11203,27.41396182685753,9
11203,0.0,10
11203,0.0,11
11203,0.0,12
11204,133.69903855162076,1
11204,162.20199906505266,2
11204,121.41017654320989,3
11204,70.55974846661948,4
11204,75.57355478454554,5
11204,118.21465809240362,6
11204,166.98767992637667,7
11204,94.1902298488665,8
11204,33.27628307921486,9
11204,0.0,10
11204,0.0,11
11204,0.0,12
11205,131.0761975308642,1
11205,116.44614589457184,2
11205,169.1770269862807,3
11205,150.06060030686612,4
11205,103.5983881931064,5
11205,104.44989901090774,6
11205,115.42454715423466,7
11205,104.0313850101444,8
11205,29.599358216971,9
11205,0.0,10
11205,0.0,11
11205,0.0,12
11206,151.2434257322176,1
11206,138.65899762503494,2
11206,191.7842991001565,3
11206,103.65558798017348,4
11206,55.81365437489892,5
11206,65.30466788888889,6
11206,95.58210333006856,7
11206,66.18761540032679,8
11206,26.752978428537,9
11206,0.0,10
11206,0.0,11
11206,0.0,12
11207,150.97827284439416,1
11207,157.70588799643016,2
11207,219.78285172186224,3
11207,144.68546243786318,4
11207,122.73658995071888,5
11207,106.03203767182576,6
11207,96.87790162832115,7
11207,76.76960828394304,8
11207,24.62583255086072,9
11207,0.0,10
11207,0.0,11
11207,0.0,12
11208,170.22730409356726,1
11208,169.7421065334998,2
11208,197.39230393241849,3
11208,176.26952905764125,4
11208,95.46143419453688,5
11208,97.17077032653955,6
11208,73.9438118403983,7
11208,69.74170097299854,8
11208,21.336912293236335,9
11208,0.0,10
11208,0.0,11
11208,0.0,12
11209,94.48385920528908,1
11209,78.79818093093093,2
11209,163.35093627219865,3
11209,54.39210928232503,4
11209,74.25821754582866,5
11209,85.96515477116556,6
11209,142.1616526974952,7
11209,119.76846560104693,8
11209,34.04728064373898,9
11209,0.0,10
11209,0.0,11
11209,0.0,12
11210,151.71619341563786,1
11210,165.36974952155805,2
11210,229.00425044533512,3
11210,122.50253794778384,4
11210,99.68198547400613,5
11210,139.6702553505062,6
11210,175.67945384560807,7
11210,131.37986720951008,8
11210,32.05582834181891,9
11210,0.0,10
11210,0.0,11
11210,0.0,12
11211,159.77609709480123,1
11211,121.79378958333336,2
11211,209.58859958151848,3
11211,84.31070959823666,4
11211,74.68766994311227,5
11211,79.18731340334236,6
11211,102.73005426356588,7
11211,70.40875675054578,8
11211,23.98544172810762,9
11211,0.0,10
11211,0.0,11
11211,0.0,12
11212,118.31199125443057,1
11212,168.9193711320575,2
11212,192.8218019726859,3
11212,176.41607990986304,4
11212,138.85901012241052,5
11212,80.63926978019215,6
11212,126.96708207010263,7
11212,91.85643736616704,8
11212,33.26871003668763,9
11212,0.0,10
11212,0.0,11
11212,0.0,12
11213,122.69826310610128,1
11213,129.5161456483126,2
11213,219.21307474020784,3
11213,143.05085642258035,4
11213,115.23616577487118,5
11213,100.06210146458244,6
11213,91.04496456386292,7
11213,82.4672030751378,8
11213,28.378880154932787,9
11213,0.0,10
11213,0.0,11
11213,0.0,12
11214,97.45126554292172,1
11214,93.86917643229168,2
11214,149.89991867124857,3
11214,92.09677360840372,4
11214,90.7464004819058,5
11214,95.897759375,6
11214,121.34724702684336,7
11214,104.96099140926032,8
11214,25.85044729344729,9
11214,0.0,10
11214,0.0,11
11214,0.0,12
11215,157.8779819488258,1
11215,165.8354625973456,2
11215,130.0245832062621,3
11215,118.02246864349011,4
11215,84.92609574675642,5
11215,109.99322870043189,6
11215,145.5452353896104,7
11215,96.30098798266351,8
11215,23.516578914612893,9
11215,0.0,10
11215,0.0,11
11215,0.0,12
11216,123.28857175171912,1
11216,114.70048345476624,2
11216,210.32739166442832,3
11216,128.79416090052146,4
11216,103.5156041088651,5
11216,102.75653910128462,6
11216,121.30658390514024,7
11216,83.03012217869801,8
11216,25.737039326560605,9
11216,0.0,10
11216,0.0,11
11216,0.0,12
11217,165.67564824350612,1
11217,184.03165140415135,2
11217,163.33910982658958,3
11217,90.36050103470232,4
11217,80.1330844190234,5
11217,93.329459679439,6
11217,120.3423772440563,7
11217,83.39996153846154,8
11217,27.33674095607235,9
11217,0.0,10
11217,0.0,11
11217,0.0,12
11218,151.11247443622753,1
11218,159.0582183908046,2
11218,153.70377927797134,3
11218,81.77741439733425,4
11218,94.706540081582,5
11218,99.4786256181998,6
11218,122.61199057852528,7
11218,105.15269953825856,8
11218,29.680454402090653,9
11218,0.0,10
11218,0.0,11
11218,0.0,12
11219,136.21438257101084,1
11219,162.19747454499174,2
11219,159.63497450203982,3
11219,93.3947445545766,4
11219,87.14983933503292,5
11219,78.61984170086089,6
11219,113.03227468388486,7
11219,106.32273083583996,8
11219,26.008925942071105,9
11219,0.0,10
11219,0.0,11
11219,0.0,12
11220,130.84142161616165,1
11220,119.61357164821648,2
11220,132.86404697900664,3
11220,93.0435189755402,4
11220,70.6682819219642,5
11220,77.73280638612034,6
11220,110.18498777078966,7
11220,76.35215748268594,8
11220,23.57492197253433,9
11220,0.0,10
11220,0.0,11
11220,0.0,12
11221,131.23327155172413,1
11221,114.6047943449648,2
11221,145.99269754584682,3
11221,132.6694511989193,4
11221,80.50369717883521,5
11221,77.84868728387812,6
11221,96.07079945799458,7
11221,68.78039359294986,8
11221,21.784887457981284,9
11221,0.0,10
11221,0.0,11
11221,0.0,12
11222,164.53821812736828,1
11222,189.65837750036505,2
11222,191.6624203574204,3
11222,86.79272647495611,4
11222,61.73557212628641,5
11222,87.5846950722867,6
11222,101.08665411286466,7
11222,62.74093123589539,8
11222,24.742778246997,9
11222,0.0,10
11222,0.0,11
11222,0.0,12
11223,162.5934818644346,1
11223,118.70942364465914,2
11223,177.49555056980057,3
11223,107.91274786324789,4
11223,109.6381963937622,5
11223,112.28485054347826,6
11223,153.22179597701148,7
11223,123.97570256410256,8
11223,24.922779345878137,9
11223,0.0,10
11223,0.0,11
11223,0.0,12
11224,109.77485648148148,1
11224,158.35194523135033,2
11224,118.75039099232863,3
11224,120.99847652885444,4
11224,101.17806234096692,5
11224,79.81009535655058,6
11224,90.16579749103944,7
11224,59.74233140225788,8
11224,29.64550805675805,9
11224,0.0,10
11224,0.0,11
11224,0.0,12
11225,99.63599147121536,1
11225,129.6504176674673,2
11225,197.03156055957336,3
11225,165.01260498687665,4
11225,93.1227231400218,5
11225,66.17946852180778,6
11225,111.58912252368648,7
11225,77.52509809835689,8
11225,25.51529144670689,9
11225,0.0,10
11225,0.0,11
11225,0.0,12
11226,115.66098676412486,1
11226,124.94203725216852,2
11226,194.66548870619496,3
11226,167.29616059379217,4
11226,92.6589321060966,5
11226,67.47466592405267,6
11226,105.26479340804018,7
11226,93.06101699848644,8
11226,32.834893100764546,9
11226,0.0,10
11226,0.0,11
11226,0.0,12
11228,105.85788215236194,1
11228,145.26433285024154,2
11228,146.9754465849387,3
11228,101.28193698016636,4
11228,70.28676440329218,5
11228,76.23160088395518,6
11228,120.45873070544712,7
11228,146.55329437156632,8
11228,24.37412291052114,9
11228,0.0,10
11228,0.0,11
11228,0.0,12
11229,148.14685742070617,1
11229,157.8320261747083,2
11229,151.51211961115806,3
11229,137.81347552255224,4
11229,141.4598693717508,5
11229,110.97694877073636,6
11229,165.889231678487,7
11229,124.7916916790952,8
11229,34.22483170225385,9
11229,0.0,10
11229,0.0,11
11229,0.0,12
11230,128.84700523135868,1
11230,137.33783135509395,2
11230,169.96873560535326,3
11230,133.581733965673,4
11230,127.95053334106012,5
11230,126.8303929682456,6
11230,204.94296889771223,7
11230,135.4821244965648,8
11230,38.39147100720631,9
11230,0.0,10
11230,0.0,11
11230,0.0,12
11231,150.74651997976733,1
11231,154.14974125514405,2
11231,146.7958847558631,3
11231,134.9759378185525,4
11231,133.9993768436578,5
11231,116.03654144419018,6
11231,94.7334696342305,7
11231,97.0900580084858,8
11231,38.1697147887324,9
11231,0.0,10
11231,0.0,11
11231,0.0,12
11232,111.621716872428,1
11232,96.24256772486773,2
11232,138.76530470775984,3
11232,121.88081137461572,4
11232,94.73068496037769,5
11232,81.01483857067092,6
11232,97.72205810008482,7
11232,80.56129952627046,8
11232,22.20270942180425,9
11232,0.0,10
11232,0.0,11
11232,0.0,12
11233,129.99518320156423,1
11233,142.63844292237442,2
11233,239.7191527461402,3
11233,180.1594779353822,4
11233,110.6717459400475,5
11233,86.49855845543345,6
11233,129.9274792773981,7
11233,87.5638185690943,8
11233,30.869267434785915,9
11233,0.0,10
11233,0.0,11
11233,0.0,12
11234,289.90596341280553,1
11234,218.30255821448716,2
11234,196.195682319224,3
11234,77.03029452819653,4
11234,86.84488402602855,5
11234,118.4527253968254,6
11234,159.92289134187337,7
11234,147.3288110682562,8
11234,25.97667876650764,9
11234,0.0,10
11234,0.0,11
11234,0.0,12
11235,149.44807911506012,1
11235,167.19754643616426,2
11235,149.31298481711525,3
11235,153.638841469986,4
11235,83.17326746849943,5
11235,103.863011370491,6
11235,156.3157516989889,7
11235,107.0694327279828,8
11235,30.15162184009406,9
11235,0.0,10
11235,0.0,11
11235,0.0,12
11236,124.12542213297635,1
11236,181.30364872998675,2
11236,170.34704604604605,3
11236,158.6124630801688,4
11236,129.91505822109988,5
11236,99.48939696003092,6
11236,92.38140271279362,7
11236,113.66296252038995,8
11236,23.01557943469785,9
11236,0.0,10
11236,0.0,11
11236,0.0,12
11237,169.88000512677107,1
11237,212.69618747118488,2
11237,213.3070203751309,3
11237,95.49106961178046,4
11237,78.0911748231132,5
11237,80.72184738639349,6
11237,80.8443740538904,7
11237,53.17328518323381,8
11237,25.880865103635745,9
11237,0.0,10
11237,0.0,11
11237,0.0,12
11238,146.09983122652744,1
11238,110.4109264944146,2
11238,157.97024723300274,3
11238,121.54367073730076,4
11238,82.0482735016208,5
11238,83.5177381296698,6
11238,93.25847546379414,7
11238,78.49538237100737,8
11238,25.960545404208197,9
11238,0.0,10
11238,0.0,11
11238,0.0,12
11239,116.09203142536477,1
11239,100.24267447199266,2
11239,135.67121922821025,3
11239,123.6429703282828,4
11239,106.92382519462136,5
11239,92.54735126859144,6
11239,141.42127591706537,7
11239,103.2081352802954,8
11239,36.52849331006399,9
11239,0.0,10
11239,0.0,11
11239,0.0,12
11241,0.0,1
11241,69.5425,2
11241,11.950173611111111,3
11241,1.2361111111111112,4
11241,65.62916666666666,5
11241,73.03833333333333,6
11241,23.52805555555556,7
11241,47.719166666666666,8
11241,0.0,9
11241,0.0,10
11241,0.0,11
11241,0.0,12
11242,21.766666666666666,1
11242,24.95,2
11242,2275.8258333333333,3
11242,0.0,4
11242,0.0,5
11242,190.50447916666667,6
11242,0.0,7
11242,0.0,8
11242,0.0,9
11242,0.0,10
11242,0.0,11
11242,0.0,12
11249,153.2881222018722,1
11249,170.39491543209874,2
11249,120.26460138387486,3
11249,98.84445252385348,4
11249,48.283232172470974,5
11249,58.2439174382716,6
11249,76.3889978144388,7
11249,53.086528791565286,8
11249,16.34947826372472,9
11249,0.0,10
11249,0.0,11
11249,0.0,12
11251,0.0,1
11251,1114.4695833333333,2
11251,1.0716666666666668,3
11251,1.27125,4
11251,2.5556944444444447,5
11251,0.0,6
11251,0.0,7
11251,0.0,8
11251,120.85583333333334,9
11251,0.0,10
11251,0.0,11
11251,0.0,12
11354,173.09896408460375,1
11354,181.82290438919583,2
11354,178.49008215389622,3
11354,164.74588065493091,4
11354,111.5176553362573,5
11354,181.8795590585054,6
11354,150.02410801370766,7
11354,141.14416435185186,8
11354,33.15214662173838,9
11354,0.0,10
11354,0.0,11
11354,0.0,12
11355,183.97923324601612,1
11355,177.57986619628784,2
11355,213.45627211403843,3
11355,184.4425914514867,4
11355,212.044456300813,5
11355,130.85989484672572,6
11355,133.54918788953364,7
11355,122.50677151309492,8
11355,22.271036165327207,9
11355,0.0,10
11355,0.0,11
11355,0.0,12
11356,88.7354377921611,1
11356,145.78527561776397,2
11356,108.80683557800224,3
11356,100.71935590700188,4
11356,77.76177083333333,5
11356,182.71984760170005,6
11356,122.86479481098176,7
11356,172.66209173943594,8
11356,44.57708732560094,9
11356,0.0,10
11356,0.0,11
11356,0.0,12
11357,191.9440646853147,1
11357,206.52527111521115,2
11357,241.5662526106934,3
11357,160.7557975282975,4
11357,121.5401633744856,5
11357,132.73548307892557,6
11357,98.8253947541848,7
11357,165.4333130952381,8
11357,32.57163522763451,9
11357,0.0,10
11357,0.0,11
11357,0.0,12
11358,173.39334803325224,1
11358,184.80247097097097,2
11358,228.3822211558968,3
11358,146.63228860531063,4
11358,102.00725947059756,5
11358,128.96496773288442,6
11358,155.35377281874372,7
11358,161.59938537959667,8
11358,38.57117897727273,9
11358,0.0,10
11358,0.0,11
11358,0.0,12
11359,0.0295833333333333,1
11359,3622.8547222222223,2
11359,0.0,3
11359,1.4238071895424838,4
11359,81.87233333333333,5
11359,20.7925,6
11359,0.5858333333333333,7
11359,51.82675925925926,8
11359,15.49972222222222,9
11359,0.0,10
11359,0.0,11
11359,0.0,12
11360,246.84378033205616,1
11360,185.25818438003225,2
11360,273.8883490143369,3
11360,301.36404223624254,4
11360,152.30653552251138,5
11360,171.92299342105264,6
11360,113.97444762510602,7
11360,142.79781999324553,8
11360,38.99602157943067,9
11360,0.0,10
11360,0.0,11
11360,0.0,12
11361,208.88934901158828,1
11361,194.10290015015013,2
11361,207.97849087893863,3
11361,132.4008865248227,4
11361,83.11813253784962,5
11361,155.4459236111111,6
11361,195.11696254208755,7
11361,163.3912656784493,8
11361,39.10529624499846,9
11361,0.0,10
11361,0.0,11
11361,0.0,12
11362,232.62699735449732,1
11362,231.53147823261855,2
11362,201.61090909090908,3
11362,88.93364583333333,4
11362,149.0217015503876,5
11362,225.04761297678277,6
11362,203.7182177615572,7
11362,203.28557489043567,8
11362,53.75007142857143,9
11362,0.0,10
11362,0.0,11
11362,0.0,12
11363,139.4327494855967,1
11363,338.686286687631,2
11363,578.1181992337165,3
11363,83.66998995983936,4
11363,171.22282181571816,5
11363,246.9405337690632,6
11363,187.5201792750197,7
11363,242.7034049554781,8
11363,61.048807870370375,9
11363,0.0,10
11363,0.0,11
11363,0.0,12
11364,221.25822406529755,1
11364,166.0424283915644,2
11364,222.0778298030472,3
11364,132.35770077972708,4
11364,136.941470118944,5
11364,151.76127710708698,6
11364,146.16700969729925,7
11364,177.55965041279669,8
11364,35.23111989144317,9
11364,0.0,10
11364,0.0,11
11364,0.0,12
11365,180.05775405298536,1
11365,100.00267671747294,2
11365,184.61069917440665,3
11365,95.86054862444018,4
11365,84.66089102922017,5
11365,89.34062652329749,6
11365,87.10316117969822,7
11365,133.56476650563607,8
11365,21.054632761437908,9
11365,0.0,10
11365,0.0,11
11365,0.0,12
11366,147.2808698689018,1
11366,69.97407151095733,2
11366,86.25418396932285,3
11366,29.70645132517839,4
11366,88.30135045173562,5
11366,37.62768476847685,6
11366,38.47284825870647,7
11366,64.58060196773745,8
11366,12.4885706049317,9
11366,0.0,10
11366,0.0,11
11366,0.0,12
11367,203.0656868379536,1
11367,180.11347679324894,2
11367,163.849859948861,3
11367,133.7901824698599,4
11367,81.1275638569604,5
11367,98.90233141447368,6
11367,153.5971236417806,7
11367,175.1540703405018,8
11367,41.113674544710456,9
11367,0.0,10
11367,0.0,11
11367,0.0,12
11368,149.08120265151516,1
11368,151.40693195179307,2
11368,189.2126561512772,3
11368,57.26014473391227,4
11368,59.09967535692117,5
11368,59.64556613756613,6
11368,84.62534594566993,7
11368,61.035294508617525,8
11368,10.621360090061788,9
11368,0.0,10
11368,0.0,11
11368,0.0,12
11369,165.5408111916264,1
11369,217.11688224752268,2
11369,214.819695970696,3
11369,193.8549617165242,4
11369,95.98993093922653,5
11369,96.06061999679795,6
11369,117.21061014372582,7
11369,85.7830102685624,8
11369,19.48272571768556,9
11369,0.0,10
11369,0.0,11
11369,0.0,12
11370,127.69738304093566,1
11370,167.80866771159876,2
11370,232.99928252372976,3
11370,39.91569207432688,4
11370,79.67257908027644,5
11370,111.7718457854406,6
11370,81.31063123074134,7
11370,107.7994299201162,8
11370,15.46935148295706,9
11370,0.0,10
11370,0.0,11
11370,0.0,12
11371,61.614,1
11371,12.16986111111111,2
11371,0.0433333333333333,3
11371,171.44500000000002,4
11371,0.0,5
11371,271.2396527777778,6
11371,0.0,7
11371,237.35569444444445,8
11371,0.0,9
11371,0.0,10
11371,0.0,11
11371,0.0,12
11372,125.710353200883,1
11372,128.09761071710008,2
11372,113.1789494680851,3
11372,113.8920478927203,4
11372,57.70233328809265,5
11372,92.64193697632058,6
11372,129.99261513810902,7
11372,87.39062716562717,8
11372,16.854700285442437,9
11372,0.0,10
11372,0.0,11
11372,0.0,12
11373,132.9479255531592,1
11373,113.40296431294072,2
11373,172.65378649635036,3
11373,131.81152274934112,4
11373,58.5659569621373,5
11373,163.90195086599147,6
11373,100.20415704070406,7
11373,96.24818981228358,8
11373,16.851946766702394,9
11373,0.0,10
11373,0.0,11
11373,0.0,12
11374,187.2222234660033,1
11374,160.69254240882103,2
11374,159.8954955059662,3
11374,84.67899576719576,4
11374,75.275168997669,5
11374,77.05212765957447,6
11374,98.85323999100316,7
11374,118.10762908124526,8
11374,37.40127070537875,9
11374,0.0,10
11374,0.0,11
11374,0.0,12
11375,183.3540344209616,1
11375,136.0462956555171,2
11375,153.759876401631,3
11375,131.79991087962964,4
11375,94.43691004207892,5
11375,121.58059566373304,6
11375,139.81031370923162,7
11375,134.51484037037037,8
11375,29.103650716672057,9
11375,0.0,10
11375,0.0,11
11375,0.0,12
11377,124.7895740353324,1
11377,132.35411523553967,2
11377,156.73137643248631,3
11377,93.1914762768208,4
11377,68.63079504985755,5
11377,79.80057609392298,6
11377,88.38362934305704,7
11377,81.42528356732764,8
11377,19.828982713702292,9
11377,0.0,10
11377,0.0,11
11377,0.0,12
11378,114.07052875243664,1
11378,132.60496897163122,2
11378,110.78631989363232,3
11378,116.34130208333332,4
11378,114.39044412878788,5
11378,96.2241998602376,6
11378,110.00948795747485,7
11378,131.56656472060723,8
11378,20.765907536135938,9
11378,0.0,10
11378,0.0,11
11378,0.0,12
11379,143.22443915343916,1
11379,187.79930626296925,2
11379,150.52689499709132,3
11379,87.33101103412882,4
11379,83.25665255496138,5
11379,118.66647614178596,6
11379,105.49333583865716,7
11379,141.70318864774626,8
11379,27.53798497606076,9
11379,0.0,10
11379,0.0,11
11379,0.0,12
11385,122.1001948878094,1
11385,105.12718034152437,2
11385,122.47097943315777,3
11385,93.40404875613837,4
11385,76.11983009166109,5
11385,88.46742114082366,6
11385,85.76086161757831,7
11385,88.77237149686779,8
11385,23.057939931770093,9
11385,0.0,10
11385,0.0,11
11385,0.0,12
11411,102.2513628472222,1
11411,225.17486972437555,2
11411,130.8020002104377,3
11411,51.26116722783389,4
11411,91.8118065547562,5
11411,88.60878352490421,6
11411,103.73431295200528,7
11411,160.09489434219495,8
11411,36.17883780332056,9
11411,0.0,10
11411,0.0,11
11411,0.0,12
11412,153.83879464285715,1
11412,165.8483154296875,2
11412,262.2104526748971,3
11412,151.51297327898553,4
11412,136.91398938187334,5
11412,142.18663711583923,6
11412,130.28756160046055,7
11412,139.6348642335091,8
11412,37.36140912435614,9
11412,0.0,10
11412,0.0,11
11412,0.0,12
11413,197.3929600558172,1
11413,188.9666341066341,2
11413,127.0710552133242,3
11413,94.55036521200869,4
11413,93.08583387692975,5
11413,144.97094893378227,6
11413,108.90204697986576,7
11413,120.23083509560314,8
11413,37.4759461582405,9
11413,0.0,10
11413,0.0,11
11413,0.0,12
11414,145.52347982310667,1
11414,230.17596188421436,2
11414,122.016273072747,3
11414,91.20863159619796,4
11414,161.29230344742064,5
11414,91.50802768931352,6
11414,92.83563666492238,7
11414,118.11769981060608,8
11414,27.43943330858698,9
11414,0.0,10
11414,0.0,11
11414,0.0,12
11415,104.27253929539296,1
11415,135.96347222222224,2
11415,170.5185308285164,3
11415,113.2510311603116,4
11415,112.06715396825398,5
11415,144.18384364002011,6
11415,182.0246718648473,7
11415,141.09483253315045,8
11415,32.354959523809526,9
11415,0.0,10
11415,0.0,11
11415,0.0,12
11416,141.5865574337683,1
11416,136.42169075579645,2
11416,104.34149611111113,3
11416,109.83985939643348,4
11416,69.12269874283602,5
11416,118.18787776323444,6
11416,73.25605646059594,7
11416,106.952605016868,8
11416,17.792036138079826,9
11416,0.0,10
11416,0.0,11
11416,0.0,12
11417,145.57698172198172,1
11417,183.1128746258144,2
11417,203.19861006486715,3
11417,154.8481295200526,4
11417,115.71246232876712,5
11417,131.24679302521895,6
11417,93.96866200578592,7
11417,86.62590071192474,8
11417,15.004189439946018,9
11417,0.0,10
11417,0.0,11
11417,0.0,12
11418,189.40323529411765,1
11418,154.51148835716904,2
11418,160.3060029021559,3
11418,182.2399688208617,4
11418,143.7310302781203,5
11418,129.93853036876357,6
11418,98.96975583132254,7
11418,117.95463335646542,8
11418,24.53061282932417,9
11418,0.0,10
11418,0.0,11
11418,0.0,12
11419,140.7442819927409,1
11419,150.77596264367816,2
11419,122.34021523869085,3
11419,115.1627309410578,4
11419,72.69768830249721,5
11419,105.14267537366048,6
11419,106.1962746469491,7
11419,83.28664888670059,8
11419,11.351769979876384,9
11419,0.0,10
11419,0.0,11
11419,0.0,12
11420,177.14618452380955,1
11420,229.6095024379433,2
11420,216.0912505201831,3
11420,162.56738592183342,4
11420,120.63886783200648,5
11420,107.72795554141928,6
11420,92.12826127239036,7
11420,98.91249693725364,8
11420,17.449895090044173,9
11420,0.0,10
11420,0.0,11
11420,0.0,12
11421,97.47685827250608,1
11421,157.47165999686126,2
11421,138.74436521795369,3
11421,172.39790009469698,4
11421,135.47697861459787,5
11421,70.27715190651907,6
11421,84.43402535328346,7
11421,86.7491166870665,8
11421,12.893333110218652,9
11421,0.0,10
11421,0.0,11
11421,0.0,12
11422,168.77807758892035,1
11422,159.41978051001823,2
11422,159.9833324458644,3
11422,191.61189793866265,4
11422,140.3177404870624,5
11422,118.85825612207604,6
11422,112.94347461368652,7
11422,134.0015762937595,8
11422,28.18829562353941,9
11422,0.0,10
11422,0.0,11
11422,0.0,12
11423,163.61113298859718,1
11423,194.19513749302067,2
11423,220.42787946428567,3
11423,135.83257610350077,4
11423,127.1630940878767,5
11423,133.03925085407516,6
11423,113.0510502283105,7
11423,113.32622146977675,8
11423,27.39563327032136,9
11423,0.0,10
11423,0.0,11
11423,0.0,12
11426,209.73793707214324,1
11426,225.30582446808512,2
11426,231.845734508547,3
11426,126.30469727212244,4
11426,161.03897838214783,5
11426,179.16772669220944,6
11426,143.60550904689092,7
11426,199.26592683369643,8
11426,32.64564634146341,9
11426,0.0,10
11426,0.0,11
11426,0.0,12
11427,144.04582421227198,1
11427,264.82434995446266,2
11427,153.42347163120567,3
11427,53.69852832244009,4
11427,153.87570698302468,5
11427,252.7292876787679,6
11427,181.24559027777772,7
11427,158.09932716049383,8
11427,45.59549702380952,9
11427,0.0,10
11427,0.0,11
11427,0.0,12
11428,209.69496216646755,1
11428,172.39354895991883,2
11428,218.7953300533005,3
11428,115.79292290886391,4
11428,194.2488907224056,5
11428,189.33067946623092,6
11428,114.67792949137744,7
11428,203.12683049606443,8
11428,32.83645277777778,9
11428,0.0,10
11428,0.0,11
11428,0.0,12
11429,187.3075607638889,1
11429,188.0884726898616,2
11429,119.71726495726496,3
11429,138.3959417344173,4
11429,74.5889013732834,5
11429,109.52689302112027,6
11429,114.72013522185551,7
11429,129.2733625730994,8
11429,19.90697626040137,9
11429,0.0,10
11429,0.0,11
11429,0.0,12
11430,695.3250100401606,1
11430,894.0300393201421,2
11430,638.5603258547009,3
11430,112.83195707070708,4
11430,109.0137091503268,5
11430,162.10221230158731,6
11430,157.1157098765432,7
11430,353.66665343915344,8
11430,96.46407407407406,9
11430,0.0,10
11430,0.0,11
11430,0.0,12
11432,127.8334985302763,1
11432,193.9590847273222,2
11432,181.31123156924696,3
11432,218.38500407166123,4
11432,122.03928099321186,5
11432,119.24693591426072,6
11432,106.61773157935949,7
11432,127.90761355105104,8
11432,24.655088052150223,9
11432,0.0,10
11432,0.0,11
11432,0.0,12
11433,152.39236418776372,1
11433,152.85643633683435,2
11433,193.39558222550468,3
11433,152.33550406814138,4
11433,78.74706856641124,5
11433,125.39716113516111,6
11433,122.42504890139335,7
11433,97.9046673126615,8
11433,26.091710452922804,9
11433,0.0,10
11433,0.0,11
11433,0.0,12
11434,182.95268931778585,1
11434,194.37609577806305,2
11434,187.60849309664692,3
11434,152.60643946692358,4
11434,106.34425055731548,5
11434,135.83381810897436,6
11434,131.7107520282187,7
11434,129.8811733370391,8
11434,41.0905296876511,9
11434,0.0,10
11434,0.0,11
11434,0.0,12
11435,138.0048592171717,1
11435,147.11744847119846,2
11435,173.5044410774411,3
11435,97.37996155175394,4
11435,112.96483273006471,5
11435,112.37995596205964,6
11435,112.84626494440263,7
11435,99.65662613872747,8
11435,22.26251682637463,9
11435,0.0,10
11435,0.0,11
11435,0.0,12
11436,134.8270598845599,1
11436,175.19697717354816,2
11436,227.1162138728324,3
11436,133.43102870813397,4
11436,152.68257575757573,5
11436,112.64206033549785,6
11436,133.29961615371238,7
11436,101.47149860199367,8
11436,21.160018450184506,9
11436,0.0,10
11436,0.0,11
11436,0.0,12
11691,180.75515971402336,1
11691,143.22124173966498,2
11691,319.7923571143085,3
11691,222.74588566195703,4
11691,190.38827765050277,5
11691,123.82222645460216,6
11691,140.31355450913242,7
11691,137.87232278851786,8
11691,27.95898245176314,9
11691,0.0,10
11691,0.0,11
11691,0.0,12
11692,107.23641423743136,1
11692,137.1727612761276,2
11692,213.28818192656172,3
11692,152.78536144578314,4
11692,249.304773478836,5
11692,244.35206777551485,6
11692,191.40477561795055,7
11692,136.31597184170474,8
11692,45.9770462962963,9
11692,0.0,10
11692,0.0,11
11692,0.0,12
11693,103.4571995108316,1
11693,237.01828137490008,2
11693,267.65946268237934,3
11693,181.12749435984207,4
11693,64.45200568678915,5
11693,101.050410906298,6
11693,69.04455290537888,7
11693,49.72352948620602,8
11693,15.305173611111112,9
11693,0.0,10
11693,0.0,11
11693,0.0,12
11694,170.76165489642185,1
11694,198.3264861111111,2
11694,186.1052354048964,3
11694,113.67245938921378,4
11694,69.82162099811677,5
11694,55.70951518934665,6
11694,70.1182443897099,7
11694,69.32965210355987,8
11694,16.52175836030205,9
11694,0.0,10
11694,0.0,11
11694,0.0,12
11695,-8.446203703703704,1
11695,0.0,2
11695,-72.0,3
11695,154.84727124183004,4
11695,112.79659722222222,5
11695,-63.40407407407408,6
11695,3.3669907407407407,7
11695,23.04694444444445,8
11695,16.37472222222222,9
11695,0.0,10
11695,0.0,11
11695,0.0,12
11697,390.0948888888889,1
11697,0.5083333333333333,2
11697,16.24361111111111,3
11697,94.0921127946128,4
11697,163.49410818713451,5
11697,129.88396241830063,6
11697,70.1371378968254,7
11697,108.7526736111111,8
11697,25.85733660130719,9
11697,0.0,10
11697,0.0,11
11697,0.0,12
12345,2.2509259259259258,1
12345,18.60905555555556,2
12345,5.338888888888889,3
12345,0.0,4
12345,0.6030555555555556,5
12345,143.56162037037038,6
12345,144.79296296296295,7
12345,0.6279861111111111,8
12345,1.027388888888889,9
12345,0.0,10
12345,0.0,11
12345,0.0,12
